split,mu,std
validation,1.3618708934698525,1.20524699816906
validation,0.7269679772384059,1.1611546435738134
validation,0.6700742095050067,1.1152897318146222
validation,1.233476054638233,1.0006866894718298
validation,1.9718842456028884,0.9699373270861344
validation,1.3494605783413576,1.1038636764501857
validation,-0.2394950419594224,1.0340933783882662
validation,-0.9996952215030497,0.9251972430821577
validation,-2.0265264964092387,1.1889741767033306
validation,-4.023576017116596,1.5006657963110621
validation,-6.0912232420486845,1.0109837514364317
validation,-6.4769019697131,0.8170684538013321
validation,-7.258909356093029,0.8259826552193626
validation,-6.8966315134092735,0.8270988621046362
validation,-6.733784763654066,0.8103301607339866
validation,-6.3730292331316605,0.7776406860280051
validation,-6.296974359113934,0.7521787083772684
validation,-5.921833892457102,0.7486927723648396
validation,-5.45627418461693,0.7280031624623967
validation,-4.872654710895946,0.7245270673388274
validation,-4.2881591102871965,0.721827674163592
validation,-3.992301733915391,0.7205569261886885
validation,-4.4739738933111415,0.7478881679880958
validation,-4.133427652605353,0.7951365545318726
validation,-4.654462147289948,0.8436282059668915
validation,-5.354255712777969,0.863739756203922
validation,-5.543644771071519,0.8315635639761969
validation,-5.932768245093833,0.8207819962654475
validation,-6.010436115409057,1.030820107891807
validation,-5.737796379522111,1.4552039910206274
validation,-4.680774861662905,1.1817730137968667
validation,-3.7959536931465463,0.8330900881507096
validation,-2.9356232175090735,0.751408726950247
validation,-1.9882398625974425,0.7475400960106944
validation,-1.1654421958607175,0.7655704239342022
validation,-0.32645230332451014,0.7490349278535546
validation,0.6418091108491595,0.7952332651121398
validation,1.971212696567088,0.9337686142016369
validation,1.2862504694285146,1.3836644785631915
validation,-0.3854802405516491,1.1846549705549565
validation,0.9531343517674262,1.00901606708919
validation,2.374248854318269,1.0776462565745901
validation,3.170376907277248,1.192366423367366
validation,3.634918729120276,1.5500126952547488
validation,4.142311828097087,2.2067553338913957
validation,5.627294646562749,2.2444255288935517
validation,4.503295007071612,2.3628118892729923
validation,2.6295931449839216,1.8086476324197112
validation,1.4016890815810132,1.3979410306702982
validation,-0.03956410919079545,1.250541891800019
validation,-1.568407752016248,1.2257404809917642
validation,-3.522446447102012,1.2433620750202237
validation,-5.981200105833484,1.1946879197281586
validation,-9.158229312917722,1.0965967444494762
validation,-12.129542008836943,1.0164601478335176
validation,-13.887569549507912,1.0134882454380607
validation,-14.426671103703281,1.029291105117422
validation,-13.674836935285292,0.9226520564641238
validation,-12.649303173168473,0.8967622931124972
validation,-11.789864668083933,0.9137250232467464
validation,-11.769696794163977,0.9682611555296486
validation,-12.470219446208665,1.0750553599782307
validation,-13.351502752089395,1.1649924083632952
validation,-13.985415022309422,1.2675098816415196
validation,-14.623859136684953,1.4917556443223272
validation,-15.235196685675007,1.4346029006506809
validation,-15.188107089129844,1.3129151690186498
validation,-14.534359661958344,1.277001927091797
test,-13.210122778838706,1.2087626141102472
test,-12.089974261819016,1.286492452593849
test,-11.896093663430472,1.4683344756046035
test,-12.734827555692684,1.7249217701765738
test,-14.341366030860048,1.5827247726129121
test,-16.426203910456103,1.380945062322369
test,-19.661844463659286,1.4621053858653046
test,-22.402393828989325,1.5117287658727638
test,-23.905614095856055,1.507533079077362
test,-23.7178438709998,1.4810269137303556
test,-23.255507932082317,1.5109087699286077
test,-22.832046232382957,1.5318011544721908
test,-22.47953746855889,1.468584117909448
test,-22.121144867818497,1.3713844037106535
test,-21.646686579335885,1.2743370356209975
test,-21.213601937741068,1.1795263107716176
test,-20.972485814312407,1.1264612215091385
test,-20.682972575023847,1.1444766336305574
test,-20.1529135842526,1.1980955669634106
test,-19.3134928552075,1.240213395489028
test,-18.054323959210677,1.286492452593849
test,-16.25482493007054,1.3247897861148874
test,-13.797652024388157,1.2934647566339394
test,-11.109660265798755,1.402369473885874
test,-9.151709227763424,1.3293018259540743
test,-8.204694585515696,1.2189221480870092
test,-6.896451951870727,1.146983753034099
test,-4.590650535018878,0.9098148764028426
test,-3.065030939075154,0.8789635020688661
test,-2.175008878998831,0.8957540192709483
test,-3.1404584595441216,0.880709867770832
test,-3.682565862776391,0.8314276707157209
test,-3.412233464863859,0.8428762379787308
test,-2.7243576710890007,0.8663838168577439
test,-2.4506653043251596,0.8033984605087664
test,-2.521567651655535,0.7626152202333019
test,-2.5658270692758123,0.7446927422291391
test,-2.8850902644012013,0.7412493380640974
test,-4.0766928774416895,0.7672394297497178
test,-6.0502467986261905,0.7615909323054103
test,-7.680162532255983,0.757130997744013
test,-8.467737229697716,0.8303226982589234
test,-9.24968012958083,0.7878445436062018
test,-10.366015048599198,0.6994364073253464
test,-12.127548764575465,0.6658334961309856
test,-13.886551663510767,0.7330307270010518
test,-15.13264481044213,1.1123891629692484
test,-15.129856325372943,1.2189020758367266
test,-15.091031562863584,0.753653563632676
test,-15.59220560632425,0.5943688316590983
test,-15.573218780356743,0.5264394901948639
test,-14.908089486497339,0.4980518141002354
test,-14.316199063641715,0.5114281016729756
test,-14.592953427168132,0.8031503571240698
test,-15.143465755791357,1.880388716497725
test,-15.698778437000792,1.8499193559235552
test,-16.200954800752474,0.8190618106043748
test,-16.041342938281478,0.703715236288045
test,-15.305619831623876,0.8574834983390138
test,-13.959149560972925,1.10004021704311
test,-12.653017539793227,1.2996476300717068
test,-10.658250340746864,1.3470131056148598
test,-8.334546346644977,1.1620213921989924
test,-6.8266708912996314,0.9799570497648666
test,-6.014587711600582,0.8398387957687204
test,-5.759750696179273,0.6730068669911774
test,-5.099013988997338,0.6603723570918135
test,-3.9319607181927534,0.6318807305101081
test,-2.1116909219792452,0.7810689970808663
test,0.047120196398978464,0.7824345779239741
test,1.450199604728418,0.5740577957818755
test,2.043564322321579,0.5066403250595292
test,2.0865645854997297,0.515796788024967
test,2.0873817850714413,0.536927842300529
test,2.500395560450567,0.5728945004641713
test,3.3932755953555755,0.6593625753763559
test,4.930374621609543,0.8297464228657097
test,7.327030841457274,0.8046924492161472
test,9.031764739854985,0.7176640684352211
test,9.796943721687217,0.7821516520278242
test,10.233279372190449,0.9612780733253977
test,11.236986122889508,1.2117939930393287
test,8.539432573393007,1.2358507789742958
test,8.452916155062184,1.3561040530246462
test,8.561313508864139,1.6676732591262708
test,8.3623415347766,2.106546052478776
test,8.102118507076025,1.840055923449698
test,7.209127288555818,1.1253985805594797
test,5.145448206850176,1.408004549149744
test,2.8362467950455468,1.5123984449352594
test,1.8580122105885426,1.5481915894873375
test,1.3033872000391113,1.7729004048903325
test,0.9751475957406441,1.4748085855671647
test,0.8186711112182543,1.1000577079815528
test,0.20704782033713975,1.1328417367007946
test,-1.6928789210675,1.5268769604066454
test,-4.633831471571727,1.5774777429470082
test,-6.901769864185687,1.1427993057590935
test,-7.864759159795906,0.9477456760411289
test,-8.529125942524324,0.9621845999337876
test,-8.938338489079321,0.921026831083331
test,-9.049525161827576,0.8957682638576385
test,-8.862756214915947,0.8859477422016132
test,-8.233767572115482,0.8738840248479123
test,-7.452527144211148,0.847456572996037
test,-6.4643704644440385,0.7929922225871339
test,-5.692787028417317,0.7685030896810053
test,-5.072797448451528,0.7442705762168224
test,-4.874533991951845,0.7315055446359827
test,-4.89069953368368,0.7741616928977807
test,-5.236822466568804,0.9193459935053531
test,-5.963129154896179,1.000854178953021
test,-6.311280910799644,0.9341140307797822
test,-6.590131363431597,0.8200250582485296
test,-6.82468654172737,0.7540397761581374
test,-6.861819089613403,0.9296682011162742
test,-6.014942943251142,1.4813486872012287
test,-4.822812208038459,1.285902071353047
test,-4.283053558677266,0.9144338807922172
test,-3.7714410415036586,0.8091032406074464
test,-3.121920259463944,0.77850143607362
test,-2.1261492392997017,0.757342751153892
test,-1.0231299479965843,0.7204792027898955
test,-0.15606285711421464,0.6992014398679446
test,0.9453537223758115,0.8186473920797812
test,2.2121598209006414,0.9927679997612062
test,2.530204999521528,1.5459606909799601
test,4.0124493655448425,1.1757406731468851
test,7.567544349691554,0.8510913566989546
test,10.042241460883503,0.7419162792355117
test,11.623718315307933,0.7211444293982155
test,12.963809981954924,0.7128086414867454
test,14.14206277831849,0.7015638843554954
test,14.955686684965158,0.6933274893019525
test,15.573654112929518,0.7826403650171179
